START DATE,START TIME,START TIME ET,SUBJECT,LOCATION,DESCRIPTION,END DATE,END DATE ET,END TIME,END TIME ET,REMINDER OFF,REMINDER ON,REMINDER DATE,REMINDER TIME,REMINDER TIME ET,SHOWTIMEAS FREE,SHOWTIMEAS BUSY
02/26/22,,,Rockies at D-backs - Time TBD,Salt River Fields at Talking Stick - Scottsdale,"",02/26/22,02/26/22,,,FALSE,TRUE,02/26/22,,,FREE,BUSY
02/27/22,01:10 PM,03:10 PM,Brewers at Rockies,Salt River Fields at Talking Stick - Scottsdale,"",02/27/22,02/27/22,04:10 PM,06:10 PM,FALSE,TRUE,02/27/22,12:10 PM,02:10 PM,FREE,BUSY
02/28/22,07:05 PM,09:05 PM,Rockies at Rangers,Surprise Stadium - Surprise,"",02/28/22,03/01/22,10:05 PM,12:05 AM,FALSE,TRUE,02/28/22,06:05 PM,08:05 PM,FREE,BUSY
03/01/22,01:10 PM,03:10 PM,Guardians at Rockies,Salt River Fields at Talking Stick - Scottsdale,"",03/01/22,03/01/22,04:10 PM,06:10 PM,FALSE,TRUE,03/01/22,12:10 PM,02:10 PM,FREE,BUSY
03/02/22,01:05 PM,03:05 PM,Rockies at Dodgers,Camelback Ranch - Glendale,"",03/02/22,03/02/22,04:05 PM,06:05 PM,FALSE,TRUE,03/02/22,12:05 PM,02:05 PM,FREE,BUSY
03/03/22,01:10 PM,03:10 PM,Mariners at Rockies,Salt River Fields at Talking Stick - Scottsdale,"",03/03/22,03/03/22,04:10 PM,06:10 PM,FALSE,TRUE,03/03/22,12:10 PM,02:10 PM,FREE,BUSY
03/04/22,01:05 PM,03:05 PM,Rockies at Reds,Goodyear Ballpark - Goodyear,"",03/04/22,03/04/22,04:05 PM,06:05 PM,FALSE,TRUE,03/04/22,12:05 PM,02:05 PM,FREE,BUSY
03/05/22,01:05 PM,03:05 PM,Rockies at Giants,Scottsdale Stadium - Scottsdale,"",03/05/22,03/05/22,04:05 PM,06:05 PM,FALSE,TRUE,03/05/22,12:05 PM,02:05 PM,FREE,BUSY
03/06/22,01:10 PM,03:10 PM,Padres at Rockies,Salt River Fields at Talking Stick - Scottsdale,"",03/06/22,03/06/22,04:10 PM,06:10 PM,FALSE,TRUE,03/06/22,12:10 PM,02:10 PM,FREE,BUSY
03/07/22,01:10 PM,03:10 PM,Cubs at Rockies,Salt River Fields at Talking Stick - Scottsdale,"",03/07/22,03/07/22,04:10 PM,06:10 PM,FALSE,TRUE,03/07/22,12:10 PM,02:10 PM,FREE,BUSY
03/08/22,01:05 PM,03:05 PM,Rockies at Guardians,Goodyear Ballpark - Goodyear,"",03/08/22,03/08/22,04:05 PM,06:05 PM,FALSE,TRUE,03/08/22,12:05 PM,02:05 PM,FREE,BUSY
03/09/22,01:10 PM,03:10 PM,Reds at Rockies,Salt River Fields at Talking Stick - Scottsdale,"",03/09/22,03/09/22,04:10 PM,06:10 PM,FALSE,TRUE,03/09/22,12:10 PM,02:10 PM,FREE,BUSY
03/10/22,01:10 PM,03:10 PM,Rockies at Angels,Tempe Diablo Stadium - Tempe,"",03/10/22,03/10/22,04:10 PM,06:10 PM,FALSE,TRUE,03/10/22,12:10 PM,02:10 PM,FREE,BUSY
03/11/22,01:10 PM,03:10 PM,D-backs at Rockies,Salt River Fields at Talking Stick - Scottsdale,"",03/11/22,03/11/22,04:10 PM,06:10 PM,FALSE,TRUE,03/11/22,12:10 PM,02:10 PM,FREE,BUSY
03/12/22,01:10 PM,03:10 PM,Athletics at Rockies,Salt River Fields at Talking Stick - Scottsdale,"",03/12/22,03/12/22,04:10 PM,06:10 PM,FALSE,TRUE,03/12/22,12:10 PM,02:10 PM,FREE,BUSY
03/13/22,02:05 PM,04:05 PM,Rockies at White Sox,Camelback Ranch - Glendale,"",03/13/22,03/13/22,05:05 PM,07:05 PM,FALSE,TRUE,03/13/22,01:05 PM,03:05 PM,FREE,BUSY
03/14/22,02:05 PM,04:05 PM,Rockies at Cubs,Sloan Park - Mesa,"",03/14/22,03/14/22,05:05 PM,07:05 PM,FALSE,TRUE,03/14/22,01:05 PM,03:05 PM,FREE,BUSY
03/15/22,07:05 PM,09:05 PM,Rockies at Royals,Surprise Stadium - Surprise,"",03/15/22,03/16/22,10:05 PM,12:05 AM,FALSE,TRUE,03/15/22,06:05 PM,08:05 PM,FREE,BUSY
03/15/22,01:10 PM,04:10 PM,Rangers at Rockies,Salt River Fields at Talking Stick - Scottsdale,"",03/15/22,03/15/22,04:10 PM,07:10 PM,FALSE,TRUE,03/15/22,12:10 PM,03:10 PM,FREE,BUSY
03/17/22,01:10 PM,04:10 PM,D-backs at Rockies,Salt River Fields at Talking Stick - Scottsdale,"",03/17/22,03/17/22,04:10 PM,07:10 PM,FALSE,TRUE,03/17/22,12:10 PM,03:10 PM,FREE,BUSY
03/18/22,02:05 PM,04:05 PM,Rockies at Athletics,Hohokam Stadium - Mesa,"",03/18/22,03/18/22,05:05 PM,07:05 PM,FALSE,TRUE,03/18/22,01:05 PM,03:05 PM,FREE,BUSY
03/19/22,02:10 PM,04:10 PM,Rockies at Mariners,Peoria Stadium - Peoria,"",03/19/22,03/19/22,05:10 PM,07:10 PM,FALSE,TRUE,03/19/22,01:10 PM,03:10 PM,FREE,BUSY
03/20/22,01:10 PM,04:10 PM,White Sox at Rockies,Salt River Fields at Talking Stick - Scottsdale,"",03/20/22,03/20/22,04:10 PM,07:10 PM,FALSE,TRUE,03/20/22,12:10 PM,03:10 PM,FREE,BUSY
03/21/22,01:10 PM,04:10 PM,Dodgers at Rockies,Salt River Fields at Talking Stick - Scottsdale,"",03/21/22,03/21/22,04:10 PM,07:10 PM,FALSE,TRUE,03/21/22,12:10 PM,03:10 PM,FREE,BUSY
03/22/22,02:10 PM,04:10 PM,Rockies at Brewers,American Family Fields of Phoenix - Phoenix,"",03/22/22,03/22/22,05:10 PM,07:10 PM,FALSE,TRUE,03/22/22,01:10 PM,03:10 PM,FREE,BUSY
03/23/22,01:10 PM,04:10 PM,Angels at Rockies,Salt River Fields at Talking Stick - Scottsdale,"",03/23/22,03/23/22,04:10 PM,07:10 PM,FALSE,TRUE,03/23/22,12:10 PM,03:10 PM,FREE,BUSY
03/25/22,06:10 PM,09:10 PM,Royals at Rockies,Salt River Fields at Talking Stick - Scottsdale,"",03/25/22,03/26/22,09:10 PM,12:10 AM,FALSE,TRUE,03/25/22,05:10 PM,08:10 PM,FREE,BUSY
03/25/22,07:40 PM,09:40 PM,Rockies at Padres,Peoria Stadium - Peoria,"",03/25/22,03/26/22,10:40 PM,12:40 AM,FALSE,TRUE,03/25/22,06:40 PM,08:40 PM,FREE,BUSY
03/26/22,01:10 PM,04:10 PM,Giants at Rockies,Salt River Fields at Talking Stick - Scottsdale,"",03/26/22,03/26/22,04:10 PM,07:10 PM,FALSE,TRUE,03/26/22,12:10 PM,03:10 PM,FREE,BUSY
03/27/22,,,Rockies at D-backs - Time TBD,Salt River Fields at Talking Stick - Scottsdale,"",03/27/22,03/27/22,,,FALSE,TRUE,03/27/22,,,FREE,BUSY
03/28/22,12:10 PM,03:10 PM,Reds at Rockies,Salt River Fields at Talking Stick - Scottsdale,"",03/28/22,03/28/22,03:10 PM,06:10 PM,FALSE,TRUE,03/28/22,11:10 AM,02:10 PM,FREE,BUSY
03/31/22,,,Rockies at Dodgers - Time TBD,Dodger Stadium - Los Angeles,"",03/31/22,03/31/22,,,FALSE,TRUE,03/31/22,,,FREE,BUSY
04/01/22,,,Rockies at Dodgers - Time TBD,Dodger Stadium - Los Angeles,"",04/01/22,04/01/22,,,FALSE,TRUE,04/01/22,,,FREE,BUSY
04/02/22,,,Rockies at Dodgers - Time TBD,Dodger Stadium - Los Angeles,"Local TV: FS1",04/02/22,04/02/22,,,FALSE,TRUE,04/02/22,,,FREE,BUSY
04/03/22,,,Rockies at Dodgers - Time TBD,Dodger Stadium - Los Angeles,"",04/03/22,04/03/22,,,FALSE,TRUE,04/03/22,,,FREE,BUSY
04/05/22,07:40 PM,09:40 PM,Rockies at Padres,Petco Park - San Diego,"",04/05/22,04/06/22,10:40 PM,12:40 AM,FALSE,TRUE,04/05/22,06:40 PM,08:40 PM,FREE,BUSY
04/06/22,06:40 PM,08:40 PM,Rockies at Padres,Petco Park - San Diego,"",04/06/22,04/06/22,09:40 PM,11:40 PM,FALSE,TRUE,04/06/22,05:40 PM,07:40 PM,FREE,BUSY
04/08/22,02:10 PM,04:10 PM,Dodgers at Rockies,Coors Field - Denver,"",04/08/22,04/08/22,05:10 PM,07:10 PM,FALSE,TRUE,04/08/22,01:10 PM,03:10 PM,FREE,BUSY
04/09/22,06:10 PM,08:10 PM,Dodgers at Rockies,Coors Field - Denver,"",04/09/22,04/09/22,09:10 PM,11:10 PM,FALSE,TRUE,04/09/22,05:10 PM,07:10 PM,FREE,BUSY
04/10/22,01:10 PM,03:10 PM,Dodgers at Rockies,Coors Field - Denver,"",04/10/22,04/10/22,04:10 PM,06:10 PM,FALSE,TRUE,04/10/22,12:10 PM,02:10 PM,FREE,BUSY
04/11/22,06:05 PM,08:05 PM,Rockies at Rangers,Globe Life Field - Arlington,"",04/11/22,04/11/22,09:05 PM,11:05 PM,FALSE,TRUE,04/11/22,05:05 PM,07:05 PM,FREE,BUSY
04/12/22,06:05 PM,08:05 PM,Rockies at Rangers,Globe Life Field - Arlington,"",04/12/22,04/12/22,09:05 PM,11:05 PM,FALSE,TRUE,04/12/22,05:05 PM,07:05 PM,FREE,BUSY
04/14/22,06:40 PM,08:40 PM,Cubs at Rockies,Coors Field - Denver,"",04/14/22,04/14/22,09:40 PM,11:40 PM,FALSE,TRUE,04/14/22,05:40 PM,07:40 PM,FREE,BUSY
04/15/22,06:40 PM,08:40 PM,Cubs at Rockies,Coors Field - Denver,"",04/15/22,04/15/22,09:40 PM,11:40 PM,FALSE,TRUE,04/15/22,05:40 PM,07:40 PM,FREE,BUSY
04/16/22,06:10 PM,08:10 PM,Cubs at Rockies,Coors Field - Denver,"",04/16/22,04/16/22,09:10 PM,11:10 PM,FALSE,TRUE,04/16/22,05:10 PM,07:10 PM,FREE,BUSY
04/17/22,01:10 PM,03:10 PM,Cubs at Rockies,Coors Field - Denver,"",04/17/22,04/17/22,04:10 PM,06:10 PM,FALSE,TRUE,04/17/22,12:10 PM,02:10 PM,FREE,BUSY
04/18/22,06:40 PM,08:40 PM,Phillies at Rockies,Coors Field - Denver,"",04/18/22,04/18/22,09:40 PM,11:40 PM,FALSE,TRUE,04/18/22,05:40 PM,07:40 PM,FREE,BUSY
04/19/22,06:40 PM,08:40 PM,Phillies at Rockies,Coors Field - Denver,"",04/19/22,04/19/22,09:40 PM,11:40 PM,FALSE,TRUE,04/19/22,05:40 PM,07:40 PM,FREE,BUSY
04/20/22,01:10 PM,03:10 PM,Phillies at Rockies,Coors Field - Denver,"",04/20/22,04/20/22,04:10 PM,06:10 PM,FALSE,TRUE,04/20/22,12:10 PM,02:10 PM,FREE,BUSY
04/22/22,05:10 PM,07:10 PM,Rockies at Tigers,Comerica Park - Detroit,"",04/22/22,04/22/22,08:10 PM,10:10 PM,FALSE,TRUE,04/22/22,04:10 PM,06:10 PM,FREE,BUSY
04/23/22,11:10 AM,01:10 PM,Rockies at Tigers,Comerica Park - Detroit,"",04/23/22,04/23/22,02:10 PM,04:10 PM,FALSE,TRUE,04/23/22,10:10 AM,12:10 PM,FREE,BUSY
04/24/22,11:10 AM,01:10 PM,Rockies at Tigers,Comerica Park - Detroit,"",04/24/22,04/24/22,02:10 PM,04:10 PM,FALSE,TRUE,04/24/22,10:10 AM,12:10 PM,FREE,BUSY
04/25/22,04:45 PM,06:45 PM,Rockies at Phillies,Citizens Bank Park - Philadelphia,"",04/25/22,04/25/22,07:45 PM,09:45 PM,FALSE,TRUE,04/25/22,03:45 PM,05:45 PM,FREE,BUSY
04/26/22,04:45 PM,06:45 PM,Rockies at Phillies,Citizens Bank Park - Philadelphia,"",04/26/22,04/26/22,07:45 PM,09:45 PM,FALSE,TRUE,04/26/22,03:45 PM,05:45 PM,FREE,BUSY
04/27/22,04:45 PM,06:45 PM,Rockies at Phillies,Citizens Bank Park - Philadelphia,"",04/27/22,04/27/22,07:45 PM,09:45 PM,FALSE,TRUE,04/27/22,03:45 PM,05:45 PM,FREE,BUSY
04/28/22,11:05 AM,01:05 PM,Rockies at Phillies,Citizens Bank Park - Philadelphia,"",04/28/22,04/28/22,02:05 PM,04:05 PM,FALSE,TRUE,04/28/22,10:05 AM,12:05 PM,FREE,BUSY
04/29/22,06:40 PM,08:40 PM,Reds at Rockies,Coors Field - Denver,"",04/29/22,04/29/22,09:40 PM,11:40 PM,FALSE,TRUE,04/29/22,05:40 PM,07:40 PM,FREE,BUSY
04/30/22,06:10 PM,08:10 PM,Reds at Rockies,Coors Field - Denver,"",04/30/22,04/30/22,09:10 PM,11:10 PM,FALSE,TRUE,04/30/22,05:10 PM,07:10 PM,FREE,BUSY
05/01/22,01:10 PM,03:10 PM,Reds at Rockies,Coors Field - Denver,"",05/01/22,05/01/22,04:10 PM,06:10 PM,FALSE,TRUE,05/01/22,12:10 PM,02:10 PM,FREE,BUSY
05/03/22,06:40 PM,08:40 PM,Nationals at Rockies,Coors Field - Denver,"",05/03/22,05/03/22,09:40 PM,11:40 PM,FALSE,TRUE,05/03/22,05:40 PM,07:40 PM,FREE,BUSY
05/04/22,06:40 PM,08:40 PM,Nationals at Rockies,Coors Field - Denver,"",05/04/22,05/04/22,09:40 PM,11:40 PM,FALSE,TRUE,05/04/22,05:40 PM,07:40 PM,FREE,BUSY
05/05/22,01:10 PM,03:10 PM,Nationals at Rockies,Coors Field - Denver,"",05/05/22,05/05/22,04:10 PM,06:10 PM,FALSE,TRUE,05/05/22,12:10 PM,02:10 PM,FREE,BUSY
05/06/22,,,Rockies at D-backs - Time TBD,Chase Field - Phoenix,"",05/06/22,05/06/22,,,FALSE,TRUE,05/06/22,,,FREE,BUSY
05/07/22,,,Rockies at D-backs - Time TBD,Chase Field - Phoenix,"",05/07/22,05/07/22,,,FALSE,TRUE,05/07/22,,,FREE,BUSY
05/08/22,,,Rockies at D-backs - Time TBD,Chase Field - Phoenix,"",05/08/22,05/08/22,,,FALSE,TRUE,05/08/22,,,FREE,BUSY
05/09/22,07:45 PM,09:45 PM,Rockies at Giants,Oracle Park - San Francisco,"",05/09/22,05/10/22,10:45 PM,12:45 AM,FALSE,TRUE,05/09/22,06:45 PM,08:45 PM,FREE,BUSY
05/10/22,07:45 PM,09:45 PM,Rockies at Giants,Oracle Park - San Francisco,"",05/10/22,05/11/22,10:45 PM,12:45 AM,FALSE,TRUE,05/10/22,06:45 PM,08:45 PM,FREE,BUSY
05/11/22,01:45 PM,03:45 PM,Rockies at Giants,Oracle Park - San Francisco,"",05/11/22,05/11/22,04:45 PM,06:45 PM,FALSE,TRUE,05/11/22,12:45 PM,02:45 PM,FREE,BUSY
05/13/22,06:40 PM,08:40 PM,Royals at Rockies,Coors Field - Denver,"",05/13/22,05/13/22,09:40 PM,11:40 PM,FALSE,TRUE,05/13/22,05:40 PM,07:40 PM,FREE,BUSY
05/14/22,06:10 PM,08:10 PM,Royals at Rockies,Coors Field - Denver,"",05/14/22,05/14/22,09:10 PM,11:10 PM,FALSE,TRUE,05/14/22,05:10 PM,07:10 PM,FREE,BUSY
05/15/22,01:10 PM,03:10 PM,Royals at Rockies,Coors Field - Denver,"",05/15/22,05/15/22,04:10 PM,06:10 PM,FALSE,TRUE,05/15/22,12:10 PM,02:10 PM,FREE,BUSY
05/16/22,06:40 PM,08:40 PM,Giants at Rockies,Coors Field - Denver,"",05/16/22,05/16/22,09:40 PM,11:40 PM,FALSE,TRUE,05/16/22,05:40 PM,07:40 PM,FREE,BUSY
05/17/22,06:40 PM,08:40 PM,Giants at Rockies,Coors Field - Denver,"",05/17/22,05/17/22,09:40 PM,11:40 PM,FALSE,TRUE,05/17/22,05:40 PM,07:40 PM,FREE,BUSY
05/18/22,01:10 PM,03:10 PM,Giants at Rockies,Coors Field - Denver,"",05/18/22,05/18/22,04:10 PM,06:10 PM,FALSE,TRUE,05/18/22,12:10 PM,02:10 PM,FREE,BUSY
05/20/22,06:40 PM,08:40 PM,Mets at Rockies,Coors Field - Denver,"",05/20/22,05/20/22,09:40 PM,11:40 PM,FALSE,TRUE,05/20/22,05:40 PM,07:40 PM,FREE,BUSY
05/21/22,06:10 PM,08:10 PM,Mets at Rockies,Coors Field - Denver,"",05/21/22,05/21/22,09:10 PM,11:10 PM,FALSE,TRUE,05/21/22,05:10 PM,07:10 PM,FREE,BUSY
05/22/22,01:10 PM,03:10 PM,Mets at Rockies,Coors Field - Denver,"",05/22/22,05/22/22,04:10 PM,06:10 PM,FALSE,TRUE,05/22/22,12:10 PM,02:10 PM,FREE,BUSY
05/23/22,04:35 PM,06:35 PM,Rockies at Pirates,PNC Park - Pittsburgh,"",05/23/22,05/23/22,07:35 PM,09:35 PM,FALSE,TRUE,05/23/22,03:35 PM,05:35 PM,FREE,BUSY
05/24/22,04:35 PM,06:35 PM,Rockies at Pirates,PNC Park - Pittsburgh,"",05/24/22,05/24/22,07:35 PM,09:35 PM,FALSE,TRUE,05/24/22,03:35 PM,05:35 PM,FREE,BUSY
05/25/22,10:35 AM,12:35 PM,Rockies at Pirates,PNC Park - Pittsburgh,"",05/25/22,05/25/22,01:35 PM,03:35 PM,FALSE,TRUE,05/25/22,09:35 AM,11:35 AM,FREE,BUSY
05/26/22,,,Rockies at Nationals - Time TBD,Nationals Park - Washington,"",05/26/22,05/26/22,,,FALSE,TRUE,05/26/22,,,FREE,BUSY
05/27/22,,,Rockies at Nationals - Time TBD,Nationals Park - Washington,"",05/27/22,05/27/22,,,FALSE,TRUE,05/27/22,,,FREE,BUSY
05/28/22,,,Rockies at Nationals - Time TBD,Nationals Park - Washington,"",05/28/22,05/28/22,,,FALSE,TRUE,05/28/22,,,FREE,BUSY
05/29/22,,,Rockies at Nationals - Time TBD,Nationals Park - Washington,"",05/29/22,05/29/22,,,FALSE,TRUE,05/29/22,,,FREE,BUSY
05/30/22,02:10 PM,04:10 PM,Marlins at Rockies,Coors Field - Denver,"",05/30/22,05/30/22,05:10 PM,07:10 PM,FALSE,TRUE,05/30/22,01:10 PM,03:10 PM,FREE,BUSY
05/31/22,06:40 PM,08:40 PM,Marlins at Rockies,Coors Field - Denver,"",05/31/22,05/31/22,09:40 PM,11:40 PM,FALSE,TRUE,05/31/22,05:40 PM,07:40 PM,FREE,BUSY
06/01/22,01:10 PM,03:10 PM,Marlins at Rockies,Coors Field - Denver,"",06/01/22,06/01/22,04:10 PM,06:10 PM,FALSE,TRUE,06/01/22,12:10 PM,02:10 PM,FREE,BUSY
06/02/22,06:40 PM,08:40 PM,Braves at Rockies,Coors Field - Denver,"",06/02/22,06/02/22,09:40 PM,11:40 PM,FALSE,TRUE,06/02/22,05:40 PM,07:40 PM,FREE,BUSY
06/03/22,06:40 PM,08:40 PM,Braves at Rockies,Coors Field - Denver,"",06/03/22,06/03/22,09:40 PM,11:40 PM,FALSE,TRUE,06/03/22,05:40 PM,07:40 PM,FREE,BUSY
06/04/22,07:10 PM,09:10 PM,Braves at Rockies,Coors Field - Denver,"",06/04/22,06/05/22,10:10 PM,12:10 AM,FALSE,TRUE,06/04/22,06:10 PM,08:10 PM,FREE,BUSY
06/05/22,01:10 PM,03:10 PM,Braves at Rockies,Coors Field - Denver,"",06/05/22,06/05/22,04:10 PM,06:10 PM,FALSE,TRUE,06/05/22,12:10 PM,02:10 PM,FREE,BUSY
06/07/22,07:45 PM,09:45 PM,Rockies at Giants,Oracle Park - San Francisco,"",06/07/22,06/08/22,10:45 PM,12:45 AM,FALSE,TRUE,06/07/22,06:45 PM,08:45 PM,FREE,BUSY
06/08/22,07:45 PM,09:45 PM,Rockies at Giants,Oracle Park - San Francisco,"",06/08/22,06/09/22,10:45 PM,12:45 AM,FALSE,TRUE,06/08/22,06:45 PM,08:45 PM,FREE,BUSY
06/09/22,01:45 PM,03:45 PM,Rockies at Giants,Oracle Park - San Francisco,"",06/09/22,06/09/22,04:45 PM,06:45 PM,FALSE,TRUE,06/09/22,12:45 PM,02:45 PM,FREE,BUSY
06/10/22,07:40 PM,09:40 PM,Rockies at Padres,Petco Park - San Diego,"",06/10/22,06/11/22,10:40 PM,12:40 AM,FALSE,TRUE,06/10/22,06:40 PM,08:40 PM,FREE,BUSY
06/11/22,08:10 PM,10:10 PM,Rockies at Padres,Petco Park - San Diego,"",06/11/22,06/12/22,11:10 PM,01:10 AM,FALSE,TRUE,06/11/22,07:10 PM,09:10 PM,FREE,BUSY
06/12/22,02:10 PM,04:10 PM,Rockies at Padres,Petco Park - San Diego,"",06/12/22,06/12/22,05:10 PM,07:10 PM,FALSE,TRUE,06/12/22,01:10 PM,03:10 PM,FREE,BUSY
06/14/22,06:40 PM,08:40 PM,Guardians at Rockies,Coors Field - Denver,"",06/14/22,06/14/22,09:40 PM,11:40 PM,FALSE,TRUE,06/14/22,05:40 PM,07:40 PM,FREE,BUSY
06/15/22,06:40 PM,08:40 PM,Guardians at Rockies,Coors Field - Denver,"",06/15/22,06/15/22,09:40 PM,11:40 PM,FALSE,TRUE,06/15/22,05:40 PM,07:40 PM,FREE,BUSY
06/16/22,01:10 PM,03:10 PM,Guardians at Rockies,Coors Field - Denver,"",06/16/22,06/16/22,04:10 PM,06:10 PM,FALSE,TRUE,06/16/22,12:10 PM,02:10 PM,FREE,BUSY
06/17/22,06:40 PM,08:40 PM,Padres at Rockies,Coors Field - Denver,"",06/17/22,06/17/22,09:40 PM,11:40 PM,FALSE,TRUE,06/17/22,05:40 PM,07:40 PM,FREE,BUSY
06/18/22,07:10 PM,09:10 PM,Padres at Rockies,Coors Field - Denver,"",06/18/22,06/19/22,10:10 PM,12:10 AM,FALSE,TRUE,06/18/22,06:10 PM,08:10 PM,FREE,BUSY
06/19/22,01:10 PM,03:10 PM,Padres at Rockies,Coors Field - Denver,"",06/19/22,06/19/22,04:10 PM,06:10 PM,FALSE,TRUE,06/19/22,12:10 PM,02:10 PM,FREE,BUSY
06/21/22,04:40 PM,06:40 PM,Rockies at Marlins,loanDepot park - Miami,"",06/21/22,06/21/22,07:40 PM,09:40 PM,FALSE,TRUE,06/21/22,03:40 PM,05:40 PM,FREE,BUSY
06/22/22,04:40 PM,06:40 PM,Rockies at Marlins,loanDepot park - Miami,"",06/22/22,06/22/22,07:40 PM,09:40 PM,FALSE,TRUE,06/22/22,03:40 PM,05:40 PM,FREE,BUSY
06/23/22,10:10 AM,12:10 PM,Rockies at Marlins,loanDepot park - Miami,"",06/23/22,06/23/22,01:10 PM,03:10 PM,FALSE,TRUE,06/23/22,09:10 AM,11:10 AM,FREE,BUSY
06/24/22,06:10 PM,08:10 PM,Rockies at Twins,Target Field - Minneapolis,"",06/24/22,06/24/22,09:10 PM,11:10 PM,FALSE,TRUE,06/24/22,05:10 PM,07:10 PM,FREE,BUSY
06/25/22,12:10 PM,02:10 PM,Rockies at Twins,Target Field - Minneapolis,"",06/25/22,06/25/22,03:10 PM,05:10 PM,FALSE,TRUE,06/25/22,11:10 AM,01:10 PM,FREE,BUSY
06/26/22,12:10 PM,02:10 PM,Rockies at Twins,Target Field - Minneapolis,"",06/26/22,06/26/22,03:10 PM,05:10 PM,FALSE,TRUE,06/26/22,11:10 AM,01:10 PM,FREE,BUSY
06/27/22,06:40 PM,08:40 PM,Dodgers at Rockies,Coors Field - Denver,"",06/27/22,06/27/22,09:40 PM,11:40 PM,FALSE,TRUE,06/27/22,05:40 PM,07:40 PM,FREE,BUSY
06/28/22,06:40 PM,08:40 PM,Dodgers at Rockies,Coors Field - Denver,"",06/28/22,06/28/22,09:40 PM,11:40 PM,FALSE,TRUE,06/28/22,05:40 PM,07:40 PM,FREE,BUSY
06/29/22,06:40 PM,08:40 PM,Dodgers at Rockies,Coors Field - Denver,"",06/29/22,06/29/22,09:40 PM,11:40 PM,FALSE,TRUE,06/29/22,05:40 PM,07:40 PM,FREE,BUSY
07/01/22,06:10 PM,08:10 PM,D-backs at Rockies,Coors Field - Denver,"",07/01/22,07/01/22,09:10 PM,11:10 PM,FALSE,TRUE,07/01/22,05:10 PM,07:10 PM,FREE,BUSY
07/02/22,07:10 PM,09:10 PM,D-backs at Rockies,Coors Field - Denver,"",07/02/22,07/03/22,10:10 PM,12:10 AM,FALSE,TRUE,07/02/22,06:10 PM,08:10 PM,FREE,BUSY
07/03/22,01:10 PM,03:10 PM,D-backs at Rockies,Coors Field - Denver,"",07/03/22,07/03/22,04:10 PM,06:10 PM,FALSE,TRUE,07/03/22,12:10 PM,02:10 PM,FREE,BUSY
07/04/22,,,Rockies at Dodgers - Time TBD,Dodger Stadium - Los Angeles,"",07/04/22,07/04/22,,,FALSE,TRUE,07/04/22,,,FREE,BUSY
07/05/22,,,Rockies at Dodgers - Time TBD,Dodger Stadium - Los Angeles,"",07/05/22,07/05/22,,,FALSE,TRUE,07/05/22,,,FREE,BUSY
07/07/22,,,Rockies at D-backs - Time TBD,Chase Field - Phoenix,"",07/07/22,07/07/22,,,FALSE,TRUE,07/07/22,,,FREE,BUSY
07/08/22,,,Rockies at D-backs - Time TBD,Chase Field - Phoenix,"",07/08/22,07/08/22,,,FALSE,TRUE,07/08/22,,,FREE,BUSY
07/09/22,,,Rockies at D-backs - Time TBD,Chase Field - Phoenix,"",07/09/22,07/09/22,,,FALSE,TRUE,07/09/22,,,FREE,BUSY
07/10/22,,,Rockies at D-backs - Time TBD,Chase Field - Phoenix,"",07/10/22,07/10/22,,,FALSE,TRUE,07/10/22,,,FREE,BUSY
07/11/22,06:40 PM,08:40 PM,Padres at Rockies,Coors Field - Denver,"",07/11/22,07/11/22,09:40 PM,11:40 PM,FALSE,TRUE,07/11/22,05:40 PM,07:40 PM,FREE,BUSY
07/12/22,06:40 PM,08:40 PM,Padres at Rockies,Coors Field - Denver,"",07/12/22,07/12/22,09:40 PM,11:40 PM,FALSE,TRUE,07/12/22,05:40 PM,07:40 PM,FREE,BUSY
07/13/22,06:40 PM,08:40 PM,Padres at Rockies,Coors Field - Denver,"",07/13/22,07/13/22,09:40 PM,11:40 PM,FALSE,TRUE,07/13/22,05:40 PM,07:40 PM,FREE,BUSY
07/14/22,01:10 PM,03:10 PM,Padres at Rockies,Coors Field - Denver,"",07/14/22,07/14/22,04:10 PM,06:10 PM,FALSE,TRUE,07/14/22,12:10 PM,02:10 PM,FREE,BUSY
07/15/22,06:40 PM,08:40 PM,Pirates at Rockies,Coors Field - Denver,"",07/15/22,07/15/22,09:40 PM,11:40 PM,FALSE,TRUE,07/15/22,05:40 PM,07:40 PM,FREE,BUSY
07/16/22,01:10 PM,03:10 PM,Pirates at Rockies,Coors Field - Denver,"",07/16/22,07/16/22,04:10 PM,06:10 PM,FALSE,TRUE,07/16/22,12:10 PM,02:10 PM,FREE,BUSY
07/17/22,01:10 PM,03:10 PM,Pirates at Rockies,Coors Field - Denver,"",07/17/22,07/17/22,04:10 PM,06:10 PM,FALSE,TRUE,07/17/22,12:10 PM,02:10 PM,FREE,BUSY
07/22/22,06:10 PM,08:10 PM,Rockies at Brewers,American Family Field - Milwaukee,"",07/22/22,07/22/22,09:10 PM,11:10 PM,FALSE,TRUE,07/22/22,05:10 PM,07:10 PM,FREE,BUSY
07/23/22,05:10 PM,07:10 PM,Rockies at Brewers,American Family Field - Milwaukee,"",07/23/22,07/23/22,08:10 PM,10:10 PM,FALSE,TRUE,07/23/22,04:10 PM,06:10 PM,FREE,BUSY
07/24/22,12:10 PM,02:10 PM,Rockies at Brewers,American Family Field - Milwaukee,"",07/24/22,07/24/22,03:10 PM,05:10 PM,FALSE,TRUE,07/24/22,11:10 AM,01:10 PM,FREE,BUSY
07/25/22,06:10 PM,08:10 PM,Rockies at Brewers,American Family Field - Milwaukee,"",07/25/22,07/25/22,09:10 PM,11:10 PM,FALSE,TRUE,07/25/22,05:10 PM,07:10 PM,FREE,BUSY
07/26/22,06:40 PM,08:40 PM,White Sox at Rockies,Coors Field - Denver,"",07/26/22,07/26/22,09:40 PM,11:40 PM,FALSE,TRUE,07/26/22,05:40 PM,07:40 PM,FREE,BUSY
07/27/22,01:10 PM,03:10 PM,White Sox at Rockies,Coors Field - Denver,"",07/27/22,07/27/22,04:10 PM,06:10 PM,FALSE,TRUE,07/27/22,12:10 PM,02:10 PM,FREE,BUSY
07/28/22,06:40 PM,08:40 PM,Dodgers at Rockies,Coors Field - Denver,"",07/28/22,07/28/22,09:40 PM,11:40 PM,FALSE,TRUE,07/28/22,05:40 PM,07:40 PM,FREE,BUSY
07/29/22,06:40 PM,08:40 PM,Dodgers at Rockies,Coors Field - Denver,"",07/29/22,07/29/22,09:40 PM,11:40 PM,FALSE,TRUE,07/29/22,05:40 PM,07:40 PM,FREE,BUSY
07/30/22,06:10 PM,08:10 PM,Dodgers at Rockies,Coors Field - Denver,"",07/30/22,07/30/22,09:10 PM,11:10 PM,FALSE,TRUE,07/30/22,05:10 PM,07:10 PM,FREE,BUSY
07/31/22,01:10 PM,03:10 PM,Dodgers at Rockies,Coors Field - Denver,"",07/31/22,07/31/22,04:10 PM,06:10 PM,FALSE,TRUE,07/31/22,12:10 PM,02:10 PM,FREE,BUSY
08/01/22,07:40 PM,09:40 PM,Rockies at Padres,Petco Park - San Diego,"",08/01/22,08/02/22,10:40 PM,12:40 AM,FALSE,TRUE,08/01/22,06:40 PM,08:40 PM,FREE,BUSY
08/02/22,07:40 PM,09:40 PM,Rockies at Padres,Petco Park - San Diego,"",08/02/22,08/03/22,10:40 PM,12:40 AM,FALSE,TRUE,08/02/22,06:40 PM,08:40 PM,FREE,BUSY
08/03/22,07:40 PM,09:40 PM,Rockies at Padres,Petco Park - San Diego,"",08/03/22,08/04/22,10:40 PM,12:40 AM,FALSE,TRUE,08/03/22,06:40 PM,08:40 PM,FREE,BUSY
08/04/22,02:10 PM,04:10 PM,Rockies at Padres,Petco Park - San Diego,"",08/04/22,08/04/22,05:10 PM,07:10 PM,FALSE,TRUE,08/04/22,01:10 PM,03:10 PM,FREE,BUSY
08/05/22,,,Rockies at D-backs - Time TBD,Chase Field - Phoenix,"",08/05/22,08/05/22,,,FALSE,TRUE,08/05/22,,,FREE,BUSY
08/06/22,,,Rockies at D-backs - Time TBD,Chase Field - Phoenix,"",08/06/22,08/06/22,,,FALSE,TRUE,08/06/22,,,FREE,BUSY
08/07/22,,,Rockies at D-backs - Time TBD,Chase Field - Phoenix,"",08/07/22,08/07/22,,,FALSE,TRUE,08/07/22,,,FREE,BUSY
08/09/22,06:40 PM,08:40 PM,Cardinals at Rockies,Coors Field - Denver,"",08/09/22,08/09/22,09:40 PM,11:40 PM,FALSE,TRUE,08/09/22,05:40 PM,07:40 PM,FREE,BUSY
08/10/22,06:40 PM,08:40 PM,Cardinals at Rockies,Coors Field - Denver,"",08/10/22,08/10/22,09:40 PM,11:40 PM,FALSE,TRUE,08/10/22,05:40 PM,07:40 PM,FREE,BUSY
08/11/22,01:10 PM,03:10 PM,Cardinals at Rockies,Coors Field - Denver,"",08/11/22,08/11/22,04:10 PM,06:10 PM,FALSE,TRUE,08/11/22,12:10 PM,02:10 PM,FREE,BUSY
08/12/22,06:40 PM,08:40 PM,D-backs at Rockies,Coors Field - Denver,"",08/12/22,08/12/22,09:40 PM,11:40 PM,FALSE,TRUE,08/12/22,05:40 PM,07:40 PM,FREE,BUSY
08/13/22,06:10 PM,08:10 PM,D-backs at Rockies,Coors Field - Denver,"",08/13/22,08/13/22,09:10 PM,11:10 PM,FALSE,TRUE,08/13/22,05:10 PM,07:10 PM,FREE,BUSY
08/14/22,01:10 PM,03:10 PM,D-backs at Rockies,Coors Field - Denver,"",08/14/22,08/14/22,04:10 PM,06:10 PM,FALSE,TRUE,08/14/22,12:10 PM,02:10 PM,FREE,BUSY
08/16/22,05:45 PM,07:45 PM,Rockies at Cardinals,Busch Stadium - St. Louis,"",08/16/22,08/16/22,08:45 PM,10:45 PM,FALSE,TRUE,08/16/22,04:45 PM,06:45 PM,FREE,BUSY
08/17/22,05:45 PM,07:45 PM,Rockies at Cardinals,Busch Stadium - St. Louis,"",08/17/22,08/17/22,08:45 PM,10:45 PM,FALSE,TRUE,08/17/22,04:45 PM,06:45 PM,FREE,BUSY
08/18/22,11:15 AM,01:15 PM,Rockies at Cardinals,Busch Stadium - St. Louis,"",08/18/22,08/18/22,02:15 PM,04:15 PM,FALSE,TRUE,08/18/22,10:15 AM,12:15 PM,FREE,BUSY
08/19/22,06:40 PM,08:40 PM,Giants at Rockies,Coors Field - Denver,"",08/19/22,08/19/22,09:40 PM,11:40 PM,FALSE,TRUE,08/19/22,05:40 PM,07:40 PM,FREE,BUSY
08/20/22,06:10 PM,08:10 PM,Giants at Rockies,Coors Field - Denver,"",08/20/22,08/20/22,09:10 PM,11:10 PM,FALSE,TRUE,08/20/22,05:10 PM,07:10 PM,FREE,BUSY
08/21/22,01:10 PM,03:10 PM,Giants at Rockies,Coors Field - Denver,"",08/21/22,08/21/22,04:10 PM,06:10 PM,FALSE,TRUE,08/21/22,12:10 PM,02:10 PM,FREE,BUSY
08/23/22,06:40 PM,08:40 PM,Rangers at Rockies,Coors Field - Denver,"",08/23/22,08/23/22,09:40 PM,11:40 PM,FALSE,TRUE,08/23/22,05:40 PM,07:40 PM,FREE,BUSY
08/24/22,01:10 PM,03:10 PM,Rangers at Rockies,Coors Field - Denver,"",08/24/22,08/24/22,04:10 PM,06:10 PM,FALSE,TRUE,08/24/22,12:10 PM,02:10 PM,FREE,BUSY
08/25/22,05:10 PM,07:10 PM,Rockies at Mets,Citi Field - Flushing,"",08/25/22,08/25/22,08:10 PM,10:10 PM,FALSE,TRUE,08/25/22,04:10 PM,06:10 PM,FREE,BUSY
08/26/22,05:10 PM,07:10 PM,Rockies at Mets,Citi Field - Flushing,"",08/26/22,08/26/22,08:10 PM,10:10 PM,FALSE,TRUE,08/26/22,04:10 PM,06:10 PM,FREE,BUSY
08/27/22,05:10 PM,07:10 PM,Rockies at Mets,Citi Field - Flushing,"",08/27/22,08/27/22,08:10 PM,10:10 PM,FALSE,TRUE,08/27/22,04:10 PM,06:10 PM,FREE,BUSY
08/28/22,11:10 AM,01:10 PM,Rockies at Mets,Citi Field - Flushing,"",08/28/22,08/28/22,02:10 PM,04:10 PM,FALSE,TRUE,08/28/22,10:10 AM,12:10 PM,FREE,BUSY
08/30/22,05:20 PM,07:20 PM,Rockies at Braves,Truist Park - Atlanta,"",08/30/22,08/30/22,08:20 PM,10:20 PM,FALSE,TRUE,08/30/22,04:20 PM,06:20 PM,FREE,BUSY
08/31/22,05:20 PM,07:20 PM,Rockies at Braves,Truist Park - Atlanta,"",08/31/22,08/31/22,08:20 PM,10:20 PM,FALSE,TRUE,08/31/22,04:20 PM,06:20 PM,FREE,BUSY
09/01/22,05:20 PM,07:20 PM,Rockies at Braves,Truist Park - Atlanta,"",09/01/22,09/01/22,08:20 PM,10:20 PM,FALSE,TRUE,09/01/22,04:20 PM,06:20 PM,FREE,BUSY
09/02/22,04:40 PM,06:40 PM,Rockies at Reds,Great American Ball Park - Cincinnati,"",09/02/22,09/02/22,07:40 PM,09:40 PM,FALSE,TRUE,09/02/22,03:40 PM,05:40 PM,FREE,BUSY
09/03/22,04:40 PM,06:40 PM,Rockies at Reds,Great American Ball Park - Cincinnati,"",09/03/22,09/03/22,07:40 PM,09:40 PM,FALSE,TRUE,09/03/22,03:40 PM,05:40 PM,FREE,BUSY
09/04/22,11:10 AM,01:10 PM,Rockies at Reds,Great American Ball Park - Cincinnati,"",09/04/22,09/04/22,02:10 PM,04:10 PM,FALSE,TRUE,09/04/22,10:10 AM,12:10 PM,FREE,BUSY
09/05/22,02:10 PM,04:10 PM,Brewers at Rockies,Coors Field - Denver,"",09/05/22,09/05/22,05:10 PM,07:10 PM,FALSE,TRUE,09/05/22,01:10 PM,03:10 PM,FREE,BUSY
09/06/22,06:40 PM,08:40 PM,Brewers at Rockies,Coors Field - Denver,"",09/06/22,09/06/22,09:40 PM,11:40 PM,FALSE,TRUE,09/06/22,05:40 PM,07:40 PM,FREE,BUSY
09/07/22,06:40 PM,08:40 PM,Brewers at Rockies,Coors Field - Denver,"",09/07/22,09/07/22,09:40 PM,11:40 PM,FALSE,TRUE,09/07/22,05:40 PM,07:40 PM,FREE,BUSY
09/09/22,06:40 PM,08:40 PM,D-backs at Rockies,Coors Field - Denver,"",09/09/22,09/09/22,09:40 PM,11:40 PM,FALSE,TRUE,09/09/22,05:40 PM,07:40 PM,FREE,BUSY
09/10/22,06:10 PM,08:10 PM,D-backs at Rockies,Coors Field - Denver,"",09/10/22,09/10/22,09:10 PM,11:10 PM,FALSE,TRUE,09/10/22,05:10 PM,07:10 PM,FREE,BUSY
09/11/22,01:10 PM,03:10 PM,D-backs at Rockies,Coors Field - Denver,"",09/11/22,09/11/22,04:10 PM,06:10 PM,FALSE,TRUE,09/11/22,12:10 PM,02:10 PM,FREE,BUSY
09/13/22,,,Rockies at White Sox - Time TBD,Guaranteed Rate Field - Chicago,"",09/13/22,09/13/22,,,FALSE,TRUE,09/13/22,,,FREE,BUSY
09/14/22,,,Rockies at White Sox - Time TBD,Guaranteed Rate Field - Chicago,"",09/14/22,09/14/22,,,FALSE,TRUE,09/14/22,,,FREE,BUSY
09/16/22,12:20 PM,02:20 PM,Rockies at Cubs,Wrigley Field - Chicago,"",09/16/22,09/16/22,03:20 PM,05:20 PM,FALSE,TRUE,09/16/22,11:20 AM,01:20 PM,FREE,BUSY
09/17/22,12:20 PM,02:20 PM,Rockies at Cubs,Wrigley Field - Chicago,"",09/17/22,09/17/22,03:20 PM,05:20 PM,FALSE,TRUE,09/17/22,11:20 AM,01:20 PM,FREE,BUSY
09/18/22,12:20 PM,02:20 PM,Rockies at Cubs,Wrigley Field - Chicago,"",09/18/22,09/18/22,03:20 PM,05:20 PM,FALSE,TRUE,09/18/22,11:20 AM,01:20 PM,FREE,BUSY
09/19/22,06:40 PM,08:40 PM,Giants at Rockies,Coors Field - Denver,"",09/19/22,09/19/22,09:40 PM,11:40 PM,FALSE,TRUE,09/19/22,05:40 PM,07:40 PM,FREE,BUSY
09/20/22,06:40 PM,08:40 PM,Giants at Rockies,Coors Field - Denver,"",09/20/22,09/20/22,09:40 PM,11:40 PM,FALSE,TRUE,09/20/22,05:40 PM,07:40 PM,FREE,BUSY
09/21/22,06:40 PM,08:40 PM,Giants at Rockies,Coors Field - Denver,"",09/21/22,09/21/22,09:40 PM,11:40 PM,FALSE,TRUE,09/21/22,05:40 PM,07:40 PM,FREE,BUSY
09/22/22,01:10 PM,03:10 PM,Giants at Rockies,Coors Field - Denver,"",09/22/22,09/22/22,04:10 PM,06:10 PM,FALSE,TRUE,09/22/22,12:10 PM,02:10 PM,FREE,BUSY
09/23/22,06:10 PM,08:10 PM,Padres at Rockies,Coors Field - Denver,"",09/23/22,09/23/22,09:10 PM,11:10 PM,FALSE,TRUE,09/23/22,05:10 PM,07:10 PM,FREE,BUSY
09/24/22,06:10 PM,08:10 PM,Padres at Rockies,Coors Field - Denver,"",09/24/22,09/24/22,09:10 PM,11:10 PM,FALSE,TRUE,09/24/22,05:10 PM,07:10 PM,FREE,BUSY
09/25/22,01:10 PM,03:10 PM,Padres at Rockies,Coors Field - Denver,"",09/25/22,09/25/22,04:10 PM,06:10 PM,FALSE,TRUE,09/25/22,12:10 PM,02:10 PM,FREE,BUSY
09/27/22,07:45 PM,09:45 PM,Rockies at Giants,Oracle Park - San Francisco,"",09/27/22,09/28/22,10:45 PM,12:45 AM,FALSE,TRUE,09/27/22,06:45 PM,08:45 PM,FREE,BUSY
09/28/22,07:45 PM,09:45 PM,Rockies at Giants,Oracle Park - San Francisco,"",09/28/22,09/29/22,10:45 PM,12:45 AM,FALSE,TRUE,09/28/22,06:45 PM,08:45 PM,FREE,BUSY
09/29/22,07:45 PM,09:45 PM,Rockies at Giants,Oracle Park - San Francisco,"",09/29/22,09/30/22,10:45 PM,12:45 AM,FALSE,TRUE,09/29/22,06:45 PM,08:45 PM,FREE,BUSY
09/30/22,,,Rockies at Dodgers - Time TBD,Dodger Stadium - Los Angeles,"",09/30/22,09/30/22,,,FALSE,TRUE,09/30/22,,,FREE,BUSY
10/01/22,,,Rockies at Dodgers - Time TBD,Dodger Stadium - Los Angeles,"",10/01/22,10/01/22,,,FALSE,TRUE,10/01/22,,,FREE,BUSY
10/02/22,,,Rockies at Dodgers - Time TBD,Dodger Stadium - Los Angeles,"",10/02/22,10/02/22,,,FALSE,TRUE,10/02/22,,,FREE,BUSY
